<?xml version="1.0" encoding="UTF-8"?>
<project-private xmlns="http://www.netbeans.org/ns/project-private/1">
    <editor-bookmarks xmlns="http://www.netbeans.org/ns/editor-bookmarks/2" lastBookmarkId="0"/>
    <open-files xmlns="http://www.netbeans.org/ns/projectui-open-files/2">
        <group>
            <file>file:/E:/java%20web/PassMaria/web/view/about.jsp</file>
            <file>file:/E:/java%20web/PassMaria/src/java/controller/FindController.java</file>
            <file>file:/E:/java%20web/PassMaria/src/java/controller/HomeController.java</file>
            <file>file:/E:/java%20web/PassMaria/web/META-INF/context.xml</file>
            <file>file:/E:/java%20web/PassMaria/src/java/controller/DetailController.java</file>
            <file>file:/E:/java%20web/PassMaria/web/static/css/about.css</file>
            <file>file:/E:/java%20web/PassMaria/web/WEB-INF/tags/layout.tag</file>
            <file>file:/E:/java%20web/PassMaria/web/WEB-INF/web.xml</file>
            <file>file:/E:/java%20web/PassMaria/web/static/css/find.css</file>
            <file>file:/E:/java%20web/PassMaria/web/view/home.jsp</file>
            <file>file:/E:/java%20web/PassMaria/src/java/controller/ErrorController.java</file>
        </group>
    </open-files>
</project-private>
