<?xml version="1.0" encoding="UTF-8"?>
<project-private xmlns="http://www.netbeans.org/ns/project-private/1">
    <editor-bookmarks xmlns="http://www.netbeans.org/ns/editor-bookmarks/2" lastBookmarkId="0"/>
    <open-files xmlns="http://www.netbeans.org/ns/projectui-open-files/2">
        <group>
            <file>file:/C:/Users/namdthe130237/Downloads/myMaria/web/css/style.css</file>
            <file>file:/C:/Users/namdthe130237/Downloads/myMaria/src/java/util/SetError.java</file>
            <file>file:/C:/Users/namdthe130237/Downloads/myMaria/web/view/home.jsp</file>
            <file>file:/C:/Users/namdthe130237/Downloads/myMaria/web/css/home.css</file>
            <file>file:/C:/Users/namdthe130237/Downloads/myMaria/src/java/entity/Find.java</file>
            <file>file:/C:/Users/namdthe130237/Downloads/myMaria/src/java/context/DBContext.java</file>
            <file>file:/C:/Users/namdthe130237/Downloads/myMaria/src/java/controller/DetailProduct.java</file>
            <file>file:/C:/Users/namdthe130237/Downloads/myMaria/src/java/DAO/ShopInforDAO.java</file>
            <file>file:/C:/Users/namdthe130237/Downloads/myMaria/src/java/util/AppContext.java</file>
            <file>file:/C:/Users/namdthe130237/Downloads/myMaria/src/java/controller/ErrorController.java</file>
            <file>file:/C:/Users/namdthe130237/Downloads/myMaria/web/view/detail.jsp</file>
            <file>file:/C:/Users/namdthe130237/Downloads/myMaria/web/WEB-INF/tags/generic_page.tag</file>
            <file>file:/C:/Users/namdthe130237/Downloads/myMaria/src/java/DAO/ProductDAO.java</file>
            <file>file:/C:/Users/namdthe130237/Downloads/myMaria/web/META-INF/context.xml</file>
            <file>file:/C:/Users/namdthe130237/Downloads/myMaria/web/view/error.jsp</file>
            <file>file:/C:/Users/namdthe130237/Downloads/myMaria/src/java/controller/AboutMyCakes.java</file>
            <file>file:/C:/Users/namdthe130237/Downloads/myMaria/web/view/about.jsp</file>
            <file>file:/C:/Users/namdthe130237/Downloads/myMaria/src/java/entity/Product.java</file>
            <file>file:/C:/Users/namdthe130237/Downloads/myMaria/src/java/controller/HomeController.java</file>
            <file>file:/C:/Users/namdthe130237/Downloads/myMaria/src/java/DAO/FindDAO.java</file>
            <file>file:/C:/Users/namdthe130237/Downloads/myMaria/web/css/about.css</file>
            <file>file:/C:/Users/namdthe130237/Downloads/myMaria/src/java/entity/ShopInfor.java</file>
            <file>file:/C:/Users/namdthe130237/Downloads/myMaria/src/java/controller/FindMariaCafe.java</file>
            <file>file:/C:/Users/namdthe130237/Downloads/myMaria/src/java/DAO/VisitDAO.java</file>
            <file>file:/C:/Users/namdthe130237/Downloads/myMaria/web/WEB-INF/web.xml</file>
            <file>file:/C:/Users/namdthe130237/Downloads/myMaria/src/java/entity/OpenHour.java</file>
            <file>file:/C:/Users/namdthe130237/Downloads/myMaria/web/view/find.jsp</file>
            <file>file:/C:/Users/namdthe130237/Downloads/myMaria/src/java/entity/Visit.java</file>
        </group>
    </open-files>
</project-private>
